label,sequence
1,TTTGAATTGTAGGTGTCCTGCT
1,TATTTTTTAAAGAACTGGAAGA
1,TTTCTTTTTCAGATGAAGAATG
1,TATTAATTTCAGTTTGGTTGTT
1,TAAAAATTTAAGTTCGTCCCGA
1,AAAAATTTCCAGGGAGAATTCC
1,TATCTTTTCCAGATTGGTTGAC
1,ATATAATTTTAGACACAGCTGG
1,TTGATATTTTAGGTTAAATTGA
1,CTAATCTTCTAGAAATCTGGAC
1,AAACAATTTCAGCTGGACGTGA
1,TTTTTTTTTCAGTTCACCGACG
1,AATGACTTTCAGCCACCCCATT
1,TAATATATTTAGAAATCAATCC
1,AGTTATTTTCAGAAAACTATTC
1,CAAAAATTCCAGGAAGTGGTAC
1,GTGATTTTTCAGGTCCTGAAAG
1,TATTTTTTTCAGAGAAAGCCAT
1,CTCTGATTTCAGAATTATTGAT
1,TATAAATTTCAGGTTTGGAATC
1,TCACATTTTCAGGAGCAAGAAA
1,CCTTTTTTTCAGCGATCATCGA
1,AAAAATTTCCAGCTTTATTGGA
1,ACATATTTGCAGCGATACCATG
1,TACTATTTTCAGAAATTCTTGG
1,ATCGATTTTTAGGTCCCCAAAG
1,TGTAATTTTCAGTTATGCGGAG
1,TAAATTTTCCAGACAATTCTCC
1,AAATTCTTTCAGGTTGTCGACT
1,TCAAAATTTCAGATAATCTCGG
1,CATATTTTCCAGTTCTCGCGCA
1,TCTTAATTTCAGTAAAACCGAG
1,AATATTTTTCAGTTGCCGGGAA
1,AATAATTTTCAGAAAACGTCCC
1,CTTTGATTCCAGGCCCCTCCGC
1,GTATTCTTTCAGGTTGAAGAAA
1,AAACGGTTTCAGATGGTCATCA
1,TTAATAATTCAGAGGAAAGTTC
1,ATCTTCTTTCAGACGGACGCAT
1,TTGAACTTTCAGAAGAAGGAAA
1,TAATTTATTCAGACTCGATGAT
1,AATTACTTTCAGATATCGTGTC
1,GAATTTTTTCAGAAATTTCTTT
1,TTCAATTTTCAGTTTCACCGTC
1,AATTATTTTTAGAACGTGCCAA
1,GCTATTTTTCAGTGACGTCGTT
1,TTATTTTTTTAGGTTTCAAAGC
1,AAGATTTTCCAGAAAAGAAATT
1,TTTTTTTTCCAGAAACTGTATA
1,TTTCTATTATAGGCCGCTCAAC
1,GTTGAATTTTAGAAATGGATCG
1,AAAAATATTCAGGTCGATGAGA
1,AAATTTTTTAAGGCCCATTGCA
1,GATAATTTTCAGCATGCGACAT
1,GCATTTTTGCAGACAAGGATTC
1,GTTGAATTTCAGAGGAAATCTT
1,TTTAAATTTCAGAATAACAGCA
1,ATTAAATTTCAGATGAATGGCA
1,TTTTTTTTCCAGGAAATGCACT
1,CGAAATTTTCAGCCGCAACAAG
1,ATTTCGTTATAGAATATGTGCA
1,ATCGTTTTTCAGTTCCTAAAAA
1,TCTTGCTTGCAGGTGACAATGT
1,TGTATTTTTCAGATGGCTCAAC
1,ATTAATTTACAGAAGTTCTGAC
1,AATGTATTTCAGTGCAACAATC
1,TATAAATTTCAGGAAAATCGTT
1,TATTTATTTAAGGCTCTCGCAT
1,GTTTTTTTTCAGCGAATGCATC
1,GCTCTTTTTTAGGCTGCTCTAT
1,ATCTCTTTTCAGGGTGCAATGC
1,ACATTATTACAGGAGCCAACAT
1,CAACATTTTCAGAGACAAAACA
1,TCAAGTTTTCAGAAGCCCGTGA
1,TATATTTTCCAGAGAATGAACT
1,ATGATCTTCCAGGACGACTCCA
1,CCATATTTTCAGACAACCAACA
1,TATTTTTTGCAGACCCTCAAAT
1,TTTTTTTTGCAGAACATTCCGC
1,GACTTATTTCAGTTCACACGAA
1,TTTTTTTTGCAGATCAAAGCAA
1,AGCGCTTTTCAGGAAATTGCCG
1,AGCGATTTACAGATTCAATGAC
1,AACAATTTTAAGGAAAATGAAT
1,AATAACTTTTAGAATGGAAACG
1,TTTTTTTTGCAGAAAAATGGTG
1,ACATTTTTTCAGTCGATTCGTG
1,AGAATTCTTCAGGAACTGGATT
1,ATCGGTTTTCAGTCACTTGCCT
1,TTCTTTTTTCAGGGATGCAAAT
1,TGCATTCTTCAGAGCTGCCCGT
1,TTTGAATTACAGATTGTGGCGA
1,ATATTCTTTCAGGTGTTCCAAC
1,TAACGATTTCAGACACAAGTAT
1,AAAAAATTCCAGGAAATCGAAG
1,ATTTTCTTGCAGAAGGCGACTG
1,CCATATTTTCAGACACCCAATC
1,ATTTTCACACAGTTACGGAATG
1,ACGATTTTTCAGGGGAAAATAG
1,CACCTATTTCAGATCTCGATCC
1,TTTATTTTTCAGATCACTTTAT
1,AAAAAATTGCAGAAACCCGCTG
1,ATTCAATTTCAGCACGTTGATT
1,AATTTATTTCAGACGGCTTCCG
1,TATTATTTTCAGATTTGTTTGG
1,AACTAATTTCAGCTATTCTTCG
1,CCAATTTTCCAGATTTGGAGCC
1,CAAAACTTTCAGGAGTTTATCG
1,TCTAAATTATAGAATCTCCATG
1,ATTAGTTTTCAGATCTTCATGC
1,CTTCTTTTCAAGGCTCGTCGAA
1,TTTTTTTTCAAGGAAGTTATTG
1,CCAAATTTTCAGCGACTACATC
1,TTTTGTTTTCAGGGCCTTGAAC
1,ATAAATGTTCAGACGTCAAACT
1,TTGAAATTTCAGATTTGCACAA
1,TATTTATTTTAGGGCATCCCAA
1,TCAAAATTTCAGCGATCGAATA
1,CTAAATTTCCAGGAGTAAGCCA
1,TAAATCTTTCAGATGACTGCTC
1,TTTGTAATTTAGAGTGGATTTG
1,TTACTTTTCCAGATTCGTATGG
1,CAATTGTTTCAGGTGAATCCGT
1,TAAAAATTTCAGAATTACCACG
1,AAACATTTTCAGATTGTAACTA
1,AGAAATTTCCAGACTCGGGAAG
1,GCACATTTTCAGGCGTGGGATC
1,TTTTTTTTTCAGTTCCCAATGC
1,ATATTTTTCCAGATCCTCGCAT
1,TTTTTTTTTCAGTGATTTTCCA
1,TTTAACTTCCAGCTCCACTAAC
1,AATTTTGTTTAGGAACCTCCAA
1,TTAAAATTTCAGAAAATAATTG
1,AAATATTTTCAGCAAACCACTG
1,ACATATTTTCAGACCTCGGATA
1,TCATAACTTCAGAATTTCGACT
1,CAAAATTTTCAGGTTCTTGTGG
1,GAATTTTTTCAGAAAGCGGCCC
1,GTTGAATTTCAGAAAACGAGAG
1,TTTATAATTTAGATAAACGAAG
1,AATGTTTTTCAGTGTTCATTTC
1,TTTTTACTTCAGGCGTTCATAG
1,AGAATTTTTCAGGTCACTCAAA
1,GTTTTTTTGCAGAAAATCGTCG
1,ATAAATTTTTAGCGAAAAAGTC
-1,CTGGGAAGAGAGACAAGAAAAA
-1,GTTCGAACGCAGACAGTATTGT
-1,TTTTGATAAAAGTTAAGAGAAC
-1,AATAGGTATTAGGGGAAAACTG
-1,AAACTTTAATAGAATAAAGTTG
-1,AATCTACCTAAGTTCTGCAGTA
-1,GGTCTCCTCAAGCGTTCATAAT
-1,ACTATTTAATAGGGCTGCTTAG
-1,GCCATGGTCCAGAGAAGTACGC
-1,TACTTTGTAAAGTCCAAAAACG
-1,TTCAATAACAAGTGTGCTTAAT
-1,CTAAAATGAAAGGTTCCGGAAA
-1,CGGATTCTTCAGCGAAATTTGG
-1,TGTCTTGAAAAGTAATTCTGGA
-1,ATAACTCACTAGTGCACCATAT
-1,TGTTTAAAAAAGGGCAGCTATT
-1,AAGGGAGCACAGTCATGATTAT
-1,ATCTCTAGAAAGTTTTGTGATT
-1,TTCAAATTCTAGAAGCATAAGT
-1,CAAAAGAGCAAGGAAGAAGATT
-1,TTAACAACACAGAACGAACCTA
-1,TGAAACTGTCAGTTCTCATTTC
-1,AGAGAGAGAGAGAAAAGAAAAA
-1,AATGCTGTTGAGACAGACGCCT
-1,TAGCAGTGAAAGTGGGCAATGT
-1,AAGGTACTGTAGTGGTACTGTA
-1,CAGAATCTGGAGATGCGAATGA
-1,ATCTTCAGGCAGGCTACACGTG
-1,TGTAGTTTGTAGTGCACAATTA
-1,ACACTAGCCGAGAATAGAGAAA
-1,CCTTTTAAAAAGTTGGAAAAAT
-1,GGTGGCGAAAAGCTTGCTTTTA
-1,GGGAAGCCCCAGCAGTGTACTT
-1,TTTAATGATTAGCAAAAACACA
-1,ATGACTGTTGAGATTAGGCCAG
-1,AGTTGAAATCAGGTTCCAAATT
-1,ATTTTCAGATAGAAGTTTTGAC
-1,GATCTCGAAAAGCATGATCATT
-1,TCGTGAAGACAGAAGAGATCGA
-1,AAGCAAGCAGAGTGGGCACGTG
-1,TAACGCAACGAGTACCAATAGT
-1,AGAAAGTGATAGAAACTATCCC
-1,AAGGTACTGTAGTAGTACTGTA
-1,TGGCAATGCCAGATATGGGTAG
-1,GAAAAAAACTAGGATGCCCAAC
-1,GGGGATGAATAGACACATGACG
-1,GAAGGAAGGAAGAAAAATTGCT
-1,AGAATGAAGAAGATGATGACAA
-1,TAAGAAGGCCAGAGACTATAAA
-1,GAAACGAAGTAGAATTGAGCAC
-1,TGCGAACGAGAGATGTGGGATC
-1,ATGCCATACAAGGAAGCAATCG
-1,TATAGTAGGTAGCTGGTCAGGT
-1,AAGTTGGAGAAGAGATGAGCAT
-1,TTCTCGGAGAAGGAGGATTTGG
-1,TGATCGAACGAGCAAATTTTCA
-1,CAATCCTATCAGTTTCTGTTGT
-1,TCATTTTCAGAGTCAACTACCA
-1,GGACCACTGCAGTCGGCCTTTC
-1,ATGTGAACAAAGACTTGCTGTT
-1,GGATATGGAAAGATTTGAGTTG
-1,CTTCAATTTCAGAATGATTGGC
-1,GGGTTACTGTAGTTTGGTAAAA
-1,CTGGTACTGTAGCTGCTCCATT
-1,TACGCATTCAAGCTGCATTGCA
-1,GGATGGGGAAAGACACTGGGTT
-1,AGCATAGGTGAGTGATTTTGAA
-1,GGCGAGCTGAAGCTGAGACTGA
-1,CGCATCGTTTAGTACCATAGTC
-1,ACAAACTACAAGATTTCCAGCC
-1,AAAAACTCAAAGTCCAAATCAG
-1,AAAAAATTTTAGCAGATAAAAT
-1,ATCGCCGAGCAGAGCAATGTCG
-1,AAGAGACAGAAGAGCAACGGCA
-1,TTTATTTATCAGTTTTAATAAG
-1,TAAAGCGTTTAGAAACCCGAAA
-1,TTGAACATTGAGTCATTCCAAT
-1,AGGAGATTGAAGGGCTCAACGG
-1,CGACAGTACAAGTAAGTTCTCA
-1,CTTCAAACCCAGCTAAACTGGC
-1,CAAATGGAAAAGTGTACGCGCC
-1,AAAATAACACAGCTATGAAACT
-1,TTTCATTTTCAGATAAATAAAC
-1,AGAAGATTCCAGGAAGAATGAG
-1,CAATTAAAGAAGGATTTGAGCA
-1,AGTTCCAGTTAGTGTATTTTGA
-1,GTACTCCACGAGGAGAAGAGTA
-1,TGTCGAGACCAGGTACCGTAGT
-1,AAATGTTGGCAGAGACAGAAAA
-1,GCCCGAAGGAAGCAACATCTAC
-1,GAAGATTGGAAGTGTGTATACG
-1,GCTAGCACGTAGAATTCAAGAG
-1,GATTTGGAAGAGAAAATAAGGT
-1,AGAGTGTGAGAGAAAAAGAGGA
-1,AGATGAAGAAAGTGATGAAGAT
-1,TAACTCGTAAAGTCGTGCGCCT
-1,GTAGTCTCTCAGCCTCACCCAA
-1,AGAAGAAGAGAGAGAGAGAGAG
-1,AAAATTCCAAAGCACATGTTTG
-1,TACCTTTTCCAGACATGATAAA
-1,GATATTTATGAGAAACTCGAAA
-1,ATATATTGGTAGTTTATCTCAT
-1,ACAATTTTAGAGGAATTTTAAA
-1,AGAAGGTTCTAGAATATTTCAG
-1,AAGACTTTGGAGGATAAATTCT
-1,AGGTAAAATTAGTTAAAACTAT
-1,GTTTTCCTGAAGTTGATGTGGA
-1,TCGGGAAAATAGCGTTGATGTG
-1,TTCAGAGTAAAGATATTATCTG
-1,TCACGCGGTAAGAATCGGAAAA
-1,CACATTTTCAAGCTCTCGCAGG
-1,ATCCTCTCCAAGTTGACGGTGC
-1,CAACTCTAAAAGATGAAAGTTC
-1,AACGAATTCGAGCAGAAGAAGC
-1,TCGAAGAAGAAGAGGCTCCGAA
-1,GGACGACGATAGTGACGATCAC
-1,GCACTGCTAGAGACGATCAATT
-1,TGGGCAGTAAAGGATTTACTAT
-1,CATCAGTTTCAGAAGTATGTTA
-1,AAACTCCGCTAGTTTTGTGCGA
-1,GGTTATGCCTAGAAAGTTTCCG
-1,CACGTGGAAAAGCAAATATCAA
-1,CCACCCGGAGAGGCATTTTGCA
-1,CAACAGCAGCAGAAGATCCCGA
-1,TCGATGTAAGAGGAAATTTTGA
-1,TTCACAAAAAAGTCTCTCCGAA
-1,CTCCTTTCAAAGGCACACACGC
-1,GAAAAGGACAAGGAAAAAGATG
-1,GAAACAGAGGAGATGCTTGAGA
-1,CCCTCAAACAAGCACGTTGAAA
-1,AAGCTAACGCAGTTATCAAAAA
-1,GATTTTGATCAGCAGCACAACA
-1,AGAACAAGGCAGTTGTGCAGGT
-1,AAATGAAGGAAGCCAACTTCAC
-1,GGTTGTGAGAAGCGTCTCCCGT
-1,GATGCTGTACAGAAAGACGGTG
-1,GAGGTGTTCGAGAACTTGTCAG
-1,ATTCAGAGTGAGTTTCCAGTAC
-1,TTTTTGGCGAAGGATTTGAGGC
-1,ATAGTTTTCAAGCGAGACGGGA
-1,TTTCCGGCAAAGCGGCAAGTTG
-1,AAAATTTCTGAGTCCAAACGAG
-1,TTATCGCGGCAGAGGGTCTGGC
-1,TCGAAATTAAAGGAGGAAATCG
-1,TGTTTCGTAGAGAAATTTTATA
-1,TCAATTGGGAAGGAACTGTTGG
-1,GGCAATTTTTAGATCAGAAAAC
-1,AAGTGAGTTGAGCCTTCAGAAT
-1,AAAAGTAAAAAGTGAACGTAAG
-1,TGGTCAAAAAAGGCTTTTTCTA
-1,TCAAAAATTCAGTAGTAAAACG
-1,TAATGATAAGAGTTGCGATTTT
-1,ACCAACGCTTAGTCGTCTAATT
-1,TCGCCAAGGGAGAACTCATTTT
-1,AAAACTGATCAGAAAATTCCAA
-1,AAAACAAGTGAGAAGAAAATTT
-1,AAATTCTTTTAGAGTGTAAATT
-1,CATTTTTTGTAGATCAAACCGT
-1,GATACTGTTCAGTTATTTTTTG
-1,TCGAAAATTGAGTTTCATTTGA
-1,TCAGATGGATAGAAGAAAGTAT
-1,ACATCTTCCCAGGTATGTTATT
-1,TCACGATTACAGTGAAAAACAG
-1,GTGATGCAGTAGAGATGAACTT
-1,TAAGAAGACCAGCCGTGGTCCG
-1,AATGCAAACAAGAATCTTTGAT
-1,TTCCAATGTCAGTTATGGTTCA
-1,AGAAGTGGATAGAGAATGTCCA
-1,TGGGTATCCTAGAGGACATTGC
-1,GAACTTGGAGAGTTGCAAGACC
-1,ATGCTGCCAGAGATGCAAAGTC
-1,CTTCCAGCGAAGTATGTACAAA
-1,AATCTTTACTAGGCCACCTAGC
-1,CCGACGGAGAAGCTGGAAATCC
-1,AAAGTGCTCAAGTTCAAAGATA
-1,ATACACCGGTAGTTTATCAAAA
-1,AATTTTATTCAGCTTCTCGGTA
-1,GACATTCTAAAGAAAGGTTTTC
-1,GAAGAAGTGGAGCTCGACGACT
-1,CACAAATTGGAGAAGTGGACAG
-1,GCTGAAAAAAAGAACAATCGTA
-1,ATGTACAGTAAGGAAGGGCAGA
-1,ACATCAAAGAAGCAATGAGGAA
-1,TTCCTATTAAAGAGTATTTCAC
-1,ACAACGCTCGAGCAGAAGGATG
-1,TCACTAAATCAGAGATCGGGGA
-1,AATGTCACTGAGAACGTACATT
-1,GTCTCAGCTGAGATCGAACGCC
-1,TTCTACGAAGAGCAAGAAGAAG
-1,TGACAGTTAAAGTTTCTTATCA
-1,GAATCCGTCGAGACCACGCGAG
-1,ATATGGAAAAAGTGAAATTAAA
-1,TCACGCCCCTAGCCACGCCCCC
-1,CAGGCACGAAAGTTAGGCCATC
-1,TGGTGGAAGAAGTGAATAATAT
-1,CATTTTTCGTAGATCAAACCGC
-1,CTCTGCCGCCAGGTTTTCCAAA
-1,GGCCAAAAATAGTCCGATTTTG
-1,GCAATGGGTAAGTTAGAAAAAT
-1,GTAAACAACAAGCCTGAAATTA
-1,ACATACAGTAAGTAAAAAATGT
-1,AGAGACTGGAAGACTGGAGCTT
-1,CAGTTTTCAAAGGTTTTCCGGT
-1,GTGAAGACTCAGATGAACATGA
-1,TGTCGAAAAAAGTGAAAAAACG
-1,ACTCCAAGACAGTTTGAGACGA
-1,GGCCGAGCCAAGATGGCCTAGT
-1,AATCCACGAAAGTGGGTTTTCC
-1,TCATATACTAAGAAAAAAAATT
-1,GTAATGAGGAAGGAATGGTATG
-1,AAGTATGGAGAGGGAGCTGATG
-1,TTCGTAATCAAGGTGGAAACTA
-1,GCGGTTTTAAAGTAAAAATTGC
-1,CATCCAAACTAGAAAAACGACA
-1,CTTCAAAAAGAGAATTCCGACG
-1,GTCGGCGTGCAGCCGCAACGAG
-1,GATATTTTGGAGCCGATTTTCA
-1,AAAGCCTGAAAGCCTGAAAGCC
-1,AAGGTAGTGTAGTCGAATTTTT
-1,GTAAGAAGCGAGCTCGTGTTGA
-1,ACATGGCGCGAGTTTTGTGAGC
-1,AACGATAAGAAGGAGATGAAGA
-1,ACGGAAGATCAGAAAAGAAAAG
-1,AAAATTTTTGAGATTCAAACTA
-1,GCTGACTGTCAGTTCTGGACCC
-1,ATCCAAAGTTAGGCCACCATTT
-1,AGGAAACAAAAGCAAGTCTCGC
-1,AACAATTTGGAGGAAAATGAAC
-1,CAAATTGACGAGTTGGAGAAAC
-1,AAAGTTGTATAGAATTTCTCTG
-1,TTTATTGGGCAGTCCATTCACC
-1,GGAGGAACCAAGTAGACGTTCG
-1,CATCGTGGTGAGACCCGTCGTG
-1,AATTCAATATAGAAAAATAATT
-1,GCAGAACACGAGGCACGGTCAT
-1,GTTAGCCGTGAGTATGGCTGCA
-1,GAAAGTAAAAAGATGGTTATCT
-1,GACAAGCATGAGGATGAAGCTT
-1,ACGGGCGGGCAGCCGGTTGCCA
-1,ACTATCAGTGAGTTTTCAAAGC
-1,CTAATTAACGAGAACGAGATGG
-1,GCTCACTGACAGAGCCCGATTA
-1,AAGCTAGAGAAGCTGAAGCAGA
-1,ACCATTTTCCAGAGTTATTTAT
-1,GTATTTGCCTAGAGAATTTAGG
-1,TTTCAGTTGGAGAGTTTAAAAA
-1,ATGCATAATCAGATGAGATTTC
-1,TTTTCTGCGTAGTTCATATTTT
-1,GCGATTTTCGAGCCAGAAATGG
-1,CTTTTGCTGAAGTTCGTTTTCT
-1,GTATTCCTGGAGCATGTTGTCA
-1,AGGAGAAAAAAGCACAGTGGGA
-1,AAAGATTTTGAGCATATTCCTA
-1,GGAGACACGGAGAACGTGCATC
-1,CCATCAATGGAGGAATGCCTGC
-1,CGAAACAATGAGGTAATTAGAT
-1,CGAACTCCAAAGATGTGGGGCG
-1,AAGTGGGCGGAGCCAATCGCTG
-1,GTCGTCAACCAGAAAACCGTCG
-1,TAGGAATTACAGTACTCTATAG
-1,ATTTACTGAAAGCAGTTTCAGA
-1,TCACTGACAGAGCCCGATTAAG
-1,CTCCTGTTGAAGAAATTAAACA
-1,TTCCACTAGCAGTATTTTCAAA
-1,CAGTTTACGCAGGAGATAAACA
-1,AAAATCACGTAGATTCTGATTT
-1,CGAAAATTCAAGGAAAACCCTA
-1,AATTATATCCAGACTTTTGGGT
-1,AAAATATTACAGATTTTTTTAA
-1,TATGCCACCCAGATTTTGCAGT
-1,TCCACGTCATAGACATTCTCAC
-1,GGATCGTTGGAGTCTAACGAGC
-1,GCGAGACCGTAGTAAAAATGCC
-1,AAATTTAAGAAGAAAATTTGGT
-1,GGAGGCAATGAGAAACCCACGG
-1,TCTTATTGCCAGTTGATTTTTC
-1,GTACTCCCCGAGGAAATGCTTT
-1,AGGAAAATTGAGTTTGAGCTTC
-1,CTCAGCGAAGAGGTTGTTCGGC
-1,AGACGACATTAGTAGATCGTAT
-1,TTTTTGGCCGAGTTACGACGGT
-1,AGCTGTGGAAAGAACACGTGGA
-1,CGTTAAAAAAAGAACTACGGAA
-1,AGTACATCAGAGATACAATGAA
-1,GTTGAGAAAAAGACGGAGGAAA
-1,TGTTGGCCAAAGTAATTTGCAT
-1,CCCGGAGATTAGTTTTTTGCAC
-1,CTATCCCTCCAGAAGCCAAAAC
-1,GCTATCATAAAGGATGCGGTCT
-1,ACAGTATTGTAGGAAATATCAC
-1,TAAGACGAAAAGCGAGGAAAAA
-1,ACGAAGATGAAGAAGAAGAAGA
-1,AATTCAAATGAGCAGCGTCTGT
-1,GGATCTTGCAAGACAGCAGCAA
-1,CTCAAGAGACAGAAACATAAAA
-1,AAGGAAAAAAAGAATGAAAAAA
-1,GAGCTCCGGGAGCCCAGAGAGG
-1,TCTCATTTCCAGTATCATCATC
-1,ACAATGAACCAGAAAACCTTTA
-1,TCGTGATTTTAGCCAAAATCAG
-1,CGAGATCTGCAGAATCAGCTCT
-1,CAACTTTTCCAGCCTGATTGCA
-1,AGTTACTAGGAGGCTAGCCCCT
-1,TCACGAATTAAGGTTTAAAAAT
-1,AACTACAGAAAGAGCTTAAATA
-1,CGCGAAGGCAAGTAGGTAGGTA
-1,TTTTTTCAGGAGCTTGTACCGA
-1,ATGCAATGGGAGAATTTGGAAG
-1,ATTCTTCGTAAGCAGCTCGCCG
-1,GGAACCCATGAGATGTCGGCGG
-1,CAAAAAACATAGAAAGTACGAG
-1,AATTCCATGAAGGACGGAAAAC
-1,ATAAATTTCGAGTATTACCATT
-1,AAATAAAACGAGAAATTAAAGA
-1,GAAGTTAACAAGCTCAGAACTC
-1,TTAAAAGCTAAGTAAATAAAGT
-1,CATAAGATCAAGGGCGTAAGTG
-1,AGGGTTTCAAAGATACCGAGTA
-1,GGAGTTCCACAGGGAAGTAATC
-1,CCAGTAAAAGAGCCCCCGTAAG
-1,CATCGTGGCGAGACCTTTCGTG
-1,TCTTCTCAAAAGTGCCTTCCCC
-1,GAGAAAGAAGAGGGAAAAGTGA
-1,AGTTCTAGCCAGAGTTCCAGTG
-1,GTAGGCAGGCAGGCATGAAAAC
-1,CTTTTGGAACAGCTTGACACAA
-1,GGAGCTTATGAGAACACTGATC
-1,AAACGCAAAAAGCGGTACCCCA
-1,ACGCTGGAAGAGCCACCAGTTT
-1,GACATTGAAGAGAATTGAGGAT
-1,GTGCCCAAGGAGAAATTGAGTG
-1,TTTAACTTTAAGACTTTAACAA
-1,ACTTTCAGAAAGATTCCAGCTC
-1,ATAATAACGAAGCAAGATATGG
-1,AGAGTAAACGAGAAATTGTTAT
-1,GGTCGAACGAAGTATTTTATGA
-1,GCTTCTTCCAAGGACTTCCAAC
-1,GGTAAATTTAAGTTTCTGCGTC
-1,TACAAACCGGAGGATCCGGTCT
-1,AGTGATCAACAGTTGTTAGATT
-1,TTAAAACAGGAGCTCTATGTTT
-1,GCTACTGGTAAGGGAGAAGGGG
-1,ATCAGAAGAAAGGTGAAGAGAA
-1,TGATGTAAACAGAAGTGTGAGT
-1,CTGGAAGAAAAGAAAAAGGAAG
-1,GAAAGTGATGAGCCAATGGAAG
-1,TTGCTTTATTAGACTTAAAATT
-1,AAGACACCAAAGCTCGCTTTGT
-1,CGGGGGTATCAGGGGGACTAGG
-1,TCCATGTTCCAGCTTTTAAGTG
-1,AACTGTTCTGAGCAGTCCGTAT
-1,GAAACTTGAAAGTTTTAGAATC
-1,GACATTATACAGATCTAGGGCT
-1,AAAAGAAGAGAGAAAAATGAAT
-1,CAGAGGTGAGAGAGAGAGGGTG
-1,GACGAGGAGGAGGAGCTCCCGG
-1,TGTACCAAAAAGTCGGAGAAAT
-1,GTAGTCTGGCAGACCCATTGAA
-1,GACAATGATAAGTCGGTCAAAT
-1,TTACCCGAACAGATCTGAAAAT
-1,ACTGTTCTGAAGCTATCGGATT
-1,AAACATCTGAAGGATCGAGTAA
-1,AAAAAAAAATAGCTGAAAACAG
-1,AATGGAAAGAAGATTGCAATGC
-1,CGTCTTTTGAAGGAATATTTGT
-1,AGTACGAGACAGAAGATGACTT
-1,TCCACTTTGAAGGAAGTTGTCA
-1,CCAGTGGAGGAGAGCTCTACAC
-1,TATTATGCTCAGGTATCAACTA
-1,ATTGTGCAGAAGTCTGATTATC
-1,AATAACAGCAAGAAGCTCAACT
-1,GTAGTTTGGGAGCAAAAAATAA
-1,AGTTGGGACGAGATTAAAGTCT
-1,AGTCATGATGAGCAATGGACAT
-1,TGTAGTTTGTAGTCTGCGAGCC
-1,AGAGCACTGGAGCCACCCACTC
-1,ATTTGAAGAAAGATACTCGAGG
-1,TTCGAGCAACAGTGAATCCATC
-1,CCGCTCGCTAAGCTTGATTTAA
-1,GCAGTTACAGAGAAAAGTGAGA
-1,ATTAGCACTGAGAATTCAACAA
-1,ATCAGGCAAAAGAATTGGTGAA
-1,AGAAATGGAAAGCGGCGAGTCA
-1,GACGAGGAAAAGTGGTTTCTAG
-1,GTAGTGAACAAGACGACGTGCG
-1,TGAGTTTTCGAGAAATCACAAC
-1,ATGGATAGAAAGGTAAGATCTC
-1,CTTGCAGAGAAGAGATGGTTCG
-1,AAATGAGACTAGGACGTCATAT
-1,TCGATAGAGAAGCAACCAGAGA
-1,ATGGAATCTGAGGATCTTCGAT
-1,CCCAAACGGGAGCACTCATCGG
-1,ACGAAGCTGAAGTGAAAAAGCT
-1,ATGACGTGAAAGGTTTCGGTTC
-1,ATAAAAATCGAGAAAATTCGTT
-1,CGATCCAACAAGATTCTGATCT
-1,TGAATATTGTAGGGCCTCAAAC
-1,CAAACATCAAAGAAGCAATGAG
-1,GAAAACCGTCAGTTTTGTTGAC
-1,CATGAAGTGGAGACTCGTGCGG
-1,AGTGAATCAAAGAGGCACAGAC
-1,TTGAAATCGAAGTTCTGAAATT
-1,AATATCACAGAGTAAGTTTTCA
-1,AAGATTCTCGAGGAAAAGCAAA
-1,CTTATTGACCAGTGCCATTTTG
-1,GCCTTAAAAAAGTACAGTATTT
-1,ATTTTATTCAAGAATCTAAGAA
-1,CAAAACACGGAGGCGCCCCTTT
-1,GCAAGCTGGAAGAAAGAGAAAG
-1,CCACAAGTTAAGTCATAAACAT
-1,TACTCGACAGAGAACGATGGAT
-1,CGATCCAAGAAGCGGCATTTCA
-1,CAACTGATCTAGCTTATTCCAG
-1,ATGGGCTTTTAGCTTTTATAGA
-1,CGGTCTTTTGAGAGCTAAGATA
-1,GCTGACAAATAGGTTATAATGA
-1,TATTTCAGTAAGTGTCACTGGA
-1,AGCATTTCAGAGTGCTTACGCA
-1,AACATATTTGAGACCATGGACA
-1,TGTGTTCAGAAGCTTTTAAATA
-1,GAAGTGAAGAAGCTTGACGTGC
-1,AAGGATGTCGAGATGCGACGGA
-1,TTTTTGCATGAGGTATATTAAA
-1,TGATTCTCACAGACAATTGTGA
-1,TTTCGTAATGAGAAGTTTTGAA
-1,ACATGTCGGAAGTAGATAAAGC
-1,TCCGAGGAGAAGTTCTGCAGAG
-1,AGGTGAGAATAGCCTAGAAGAC
-1,TAAAAAAACAAGAAATATCGAT
-1,GTATGTGGCAAGAAATAAAATA
-1,AAAAAAAAAAAGGAAAAAATGG
-1,ACAAGCCAGCAGCTCCCAAATC
-1,GTATGATTACAGTCCAAAACAG
-1,TCTTATTTCAAGCCGCTAGAGA
-1,AAACAACCACAGTCGTTCACAC
-1,TTCAAAATTTAGTTTTCTGCAA
-1,TGAACAAAGAAGGTATTTCGAA
-1,CCAAATTTTGAGAAAAACTATT
-1,CAGATAATATAGAAAAGTGCAA
-1,GTTTTTTGCTAGAATATAATTT
-1,TTCATTTGCGAGTTTGTAGAAT
-1,GGACGACCACAGAGAACTAGTT
-1,TTCATTTGTTAGTTTATTTTAA
-1,AAGGAGTTGCAGCTTTTTGAAT
-1,TTAATTCTCTAGTTTAATTTAA
-1,AAATTGAGAAAGTTAGAAAGAT
-1,TAATTAGTTTAGAAAATATCGA
-1,CGAATTTCGTAGTGAAACTGCT
-1,ATTTGTGGAAAGTTTGCGACCT
-1,ATATGAATTCAGTTCGTTTTAT
-1,AAATGAGGAAAGTGAAGATTCA
-1,GTGTCGATGAAGTTGGGAAGAA
-1,CAGCTTGATGAGATGATCCGGA
-1,AGGATGCGACAGTGGAGAGGCT
-1,GGTTCTTTTTAGACTTTTAGGC
-1,GTTCTCAGCTAGAAATATAATT
-1,TCTTGGATGGAGTCGGACATAA
-1,TGGCTTCCAAAGAAGGTTTGAT
-1,AGCCCAGCCCAGCCGCCAAGCA
-1,AAATAAATGAAGATTATTTCTA
-1,CAAACGTGAAAGCAGCGGAAAG
-1,GCTTAGGCTTAGGCTTAGGCTT
-1,CTATATATAAAGCGCTTATTCT
-1,TCGTAAAACGAGATGATAAGCG
-1,GGTATTCTGAAGGAAGCGCTCA
-1,TTTTCTGGACAGTGCCAGTGGA
-1,TTACGGGGAGAGATAGCTATGC
-1,CAATCAAATTAGAATTTATCAA
-1,GACGCAAAGTAGTTGGAATGAC
-1,GGTAATATCAAGTTGCGATTAT
-1,CCCGCCAAGCAGATTCTTCTTC
-1,GACAATTTAAAGCGACAACAAC
-1,TTTTCGCAATAGAGCGCGCTTG
-1,GTATCCCTACAGTAACCCTGAA
-1,ACGGAAAAGAAGAAATGAACGA
-1,CTTAACCGTAAGTTTTTAGTTT
-1,ATGTGAGTGCAGTGCTTCGACG
-1,TTAGCTTCCTAGCTGCTAATTT
-1,ATGCCGCTGAAGAGAAAGTCCG
-1,ATGGGTTATAAGTAGGCGCGAA
-1,GCTTAATCACAGATTTATTTTT
-1,GTGATGGACGAGGCGGATTTGT
-1,GAAAACGATTAGTTTCGGGATT
-1,TCGTAAAAAAAGCTGTACGGAA
-1,CCAGCCACCAAGAAAATCAAGA
-1,TATGCATTTCAGAGAAATTTTA
-1,GAATGATCTCAGAAGCCGTCGA
-1,CTAGACATAAAGTGCCAAGCTT
-1,GACAAAAGGTAGAAGAACTCAA
-1,GATTTGTTGAAGTGAATCAGCC
-1,CAGCCAACAAAGGAGTTCTGAA
-1,CATATAAAAGAGACGAGAAACA
-1,TGTTGATGTGAGCTTTAAAGGG
-1,AAAAATCTGAAGCTTCTTCCCC
-1,ACATGCAACAAGATTAGCTTTA
-1,GTTAGTGATGAGGTTGCCAAGC
-1,GTGTAGAAAGAGAGAGAGAGTG
-1,TGTTGCATGAAGGAAATAAAGA
-1,CAAATGGCCGAGAATGTGAATT
-1,AATTCTTTGGAGACAGCAAAAG
-1,AATAGAAATGAGAGCCAATTAG
-1,ATGGTCTGAAAGAAAGAAATTC
-1,TGGGTGATGGAGAAAAGAATAA
-1,AAAATTGATCAGAAAATTTACC
-1,GAGAGAAGTAAGTTTATTTCAA
-1,CGGCACAAACAGTGAGATACAA
-1,AAGAGAAATGAGACACTCTGAC
-1,GAAAAGATACAGGTGGACGTCA
-1,TTCAAATTACAGGTTTCTTTTT
-1,CTAACATTGAAGTCTTCAAATG
-1,TTTTCCATACAGCAAGAAGTAT
-1,CCGGCGTGAAAGTTGGAAAAAT
-1,CCCGGCGCGAAGAGCAGCTCGC
-1,CATAATTTCAAGTCCACTCGAA
-1,ATAAAAAACTAGGCCACCAACT
-1,AACAAATTGTAGTTTGCACAGA
-1,CTGAAGTTCAAGCAGCTTAACA
-1,TTTTGATGCAAGACTACAGAAC
-1,TTTTCATTTCAGGCATTTTTTA
-1,TTCAGCGTCGAGAATGATCTTC
-1,TTTCAGCACAAGATGCCTTGCC
-1,AAGGGCGCTGAGTGGGCAATTT
-1,ATTTTGAGTCAGTTTTACTATT
-1,CCGTCGAACCAGGTGGCTCACG
-1,TTCAAGGAGCAGTTGTACGATA
-1,CTGTAATTCCAGCACAATTCAA
-1,AAAATGCGGGAGTTGACTGATT
-1,GCACAGCTAGAGGTCGTTCGAG
-1,TTATCCGAGAAGTCAACAGGAA
-1,TTGGGTAGAGAGTTGCTGGGGG
-1,TCACTCGAAAAGAGAAATGTTC
-1,ATTAGTTTGAAGTTTTTGGGAA
-1,CCCAACACCAAGGGAAATTCTT
-1,AATACTCGAAAGACAAGAGCCA
-1,TTTCTTGTGTAGATTTACGAGG
-1,CGATTCTGTGAGCGATCCCGTA
-1,CGCAGCGGAAAGATGGAAATTT
-1,AGGCTCATCAAGTTTACGAATG
-1,CGTCTTCATCAGTATCACATTC
-1,TATTTTGGAGAGTTAAAAGAAG
-1,TGAACAATTAAGTCGTCATCGT
-1,GGTGTTATGGAGCCCGAGTTTT
-1,AAATGGCCGAAGACAGATTTAC
-1,TAAATATTAAAGTAAACTTTTG
-1,TGCCAGCTGCAGTCTTCAACAA
-1,CCAGCGACAAAGCGCTCCTAAA
-1,TCTGAAAATTAGTGAAATAAAT
-1,AGAAATCAGAAGCTCATTCGCC
-1,AGCAATTAAAAGTTGACAATGT
-1,TGAAAATAGAAGCTGAAAGGAA
-1,ATGAACAAGGAGCTAGTTTTTT
-1,CAGGACCACCAGACACCGATCC
-1,AAATTGACGGAGGAGGAAAAGC
-1,GATTATCAGAAGAGCTATGGAA
-1,AGCTCGTCACAGAATACCTTGA
-1,CTAAGCTAAAAGAATAAGCTCA
-1,GAGAAGGTGGAGAAGAATAATA
-1,TCAAACGGACAGCCTGGCAACA
-1,CTCGCACAAGAGGTGAAGTATG
-1,GAATCGATTCAGAGCCGAGTGT
-1,ATTGGCAGAAAGATTCTCGTTC
-1,GACTTTTTATAGCGAAAAGTGT
-1,AATCTCTATCAGCTAGAACTCA
-1,CGAAAAATTTAGCTTCTGGGTT
-1,AGCACGCGCAAGACGGCTCAAA
-1,TAGCAGACATAGATATTGATAC
-1,CATTTTTCCAAGAAAAAATATA
-1,TGCAAATGATAGTGGAATTGAT
-1,AGAAAAGCCCAGAAAATTCAAA
-1,GCGCTCTCGTAGGGCGCCAAAT
-1,CGATTCCAGAAGAGTCATCATC
-1,CTGTGCAAAGAGTTTCGGATTT
-1,TTTAATTTTAAGAAAAATAAAA
-1,ACATCCACGTAGTAAAAGATGA
-1,TTAACTGTTGAGGTCTAAAAGA
-1,AGTTGATTCAAGGGATGCGGTG
-1,CATGAGGTTGAGCTCGCGTGGC
-1,GGACCCTAAGAGCATTGTGAAA
-1,AAAACGCGGGAGTTGAGACGCA
-1,GATATGGGAAAGAAAATGCAGA
-1,CAACTTCTCGAGTGCTACGGTA
-1,TACAGGCGACAGTTTCCACGTC
-1,ATTCGGAAGGAGTCGAAAAAGC
-1,AAATGTTTTTAGTTTGAGAGTT
-1,AAGACATTTTAGCCTTGACAAT
-1,AAAGCCTAAAAGGTTTGTTATT
-1,AACGGAGATCAGCATCCGATAA
-1,TAGCGGATTAAGAAAGAAATAC
-1,AAAATTTTATAGTTTTTAAAAC
-1,AAAAGAAAGAAGAGAATTGGGG
-1,TTCAACTGAAAGTGATTTTCTA
-1,CGTTCCCGGAAGCGCCCACACT
-1,TAAAATATCGAGTGTGTTTTTA
-1,TCAGATCCAAAGCATATTTTCA
-1,GAAGAATTCCAGAAAGAGCATT
-1,CCATAGTTCAAGGAACTTTCAG
-1,ACTTCTGCCAAGAGAAAGCTCG
-1,TGGACGATATAGTAAAAACAAG
-1,TTTCATAACGAGACCGCTGAAA
-1,TTTTTAAATTAGCCAATTTAAG
-1,CAACAGCTTCAGAGCATGCAGT
-1,GTCAGCAGCGAGAAATTCTGAC
-1,AGTCATTTCAAGCCAGGACTTT
-1,GCCATGGCCGAGGGGCCGACAA
-1,CGTGTCGAGTAGGTTTGATATG
-1,GGAATCAATAAGCTCGATAATA
-1,GTACCCCTACAGTACCCTGACG
-1,GTTCTCGCAAAGGTAATAAAAA
-1,TCGAGTCGGGAGCGGAATTCAA
-1,GATTCTACCAAGCTTCAACTTC
-1,AGGAGAACGAAGAAACACAAAT
-1,AAGGGATGCGAGAATACCAAAA
-1,TGCCAGCCAAAGTACTCCGATT
-1,CCGGAAAAGAAGTTACCGACTA
-1,ATTTTGGGTTAGTTATTATTGA
-1,GGAGCCTGCGAGCAATGTGAAT
-1,AAGAGGTATGAGGTTGGGCGTT
-1,TGCTCCAAGCAGACAGCCGATT
-1,TATTTATTTCAGAAATCAATGT
-1,AAAGCCATCTAGAAGTTCGGAA
-1,TGATATGAGAAGAGAAGAAGTT
-1,AATATTTTTTAGAACAATTAAC
-1,TCTACTTTAGAGCAGATATCGA
-1,TATGTGCATTAGAAAAAGCAAT
-1,TAGCTGCAAAAGGAGCAGCTAA
-1,GGGGGGGGGAAGTGAAAATTTG
-1,CGAAATCGCCAGAAAACGAGTT
-1,ACTTACTATTAGCTAGTTAGCT
-1,TCAAAATAAAAGCACAACAATT
-1,ACAATTTTCCAGCTTCTACTCG
-1,ATGAATGAATAGTTAAGATTCT
-1,ATCATCTTCGAGAATTATTGAG
-1,CAAGAACCAGAGCCATCATGTT
-1,CTCGCCCGACAGGAGGAAAATG
-1,CGTCTTGAGAAGCTCTTCCGCA
-1,TTATCAAAGAAGTTGGAGACGC
-1,TAAAGAAAATAGATCATAATAT
-1,AAAAAAAATCAGAAATAAATTA
-1,ATAATTCAACAGGGTATGGGTG
-1,CTAAAATCAGAGCTGAGCCACG
-1,TTGTCAATGGAGCGCGAAAAAT
-1,GACGTGTATGAGGAGGCTATTG
-1,ACGTAGATCAAGCCGAATTGAA
-1,CATTTCGAAAAGAGTTAAACAG
-1,ATGATTTTTAAGTTTTGTTTTC
-1,AATTGGCAAAAGTATTTGACGA
-1,ATTACAGGCAAGTGATTCATCA
-1,GAGCTGAAGAAGATATTGACGT
-1,TAAAGCCATCAGTTCCACCGAT
-1,TAAATCTTGGAGAATTCGAAGA
-1,CCAACACAACAGAACTCGGCAC
-1,TAACCAGGCTAGCTTAATGGTC
-1,GTTGGCTGAAAGTTTGGAATCT
-1,TTAAATATATAGGGACGTGAGA
-1,CATTATAAAAAGAAAATTGTAA
-1,TTCTAGTAAAAGAGCATCATAA
-1,GATGCCGAGGAGATTAGGTATT
-1,GCATGTCAGCAGAAAAGATGCA
-1,CTCGAGCTTCAGAATTTGCTTA
-1,CATCTTGATCAGATTTTAAGCA
-1,AAGGCGCTTCAGGCTTAAAAAA
-1,AAGTCCAAACAGCTGGAAAACA
-1,CGGTTTAAACAGAAGAAAGGAC
-1,TCGAAACGGCAGAAGGGGTATT
-1,GGCACAAGATAGGTACATAGGT
-1,CCGCCGAGTTAGAGCACATTGG
-1,GAGAAGTCATAGAACTCCTCAA
-1,CATCGTTGGCAGCTGCCGCATC
-1,TTCCGTCTGGAGCACGAGTTTC
-1,TGCCTACTACAGCCAAATTTCC
-1,CAAAATTTCTAGGTTTTTACCC
-1,CTTTCTGAAAAGCTCAAATTTC
-1,CAGAGACGACAGGTGTCATACA
-1,TTCAATGTGAAGCAAATCCGAG
-1,TTGCTGGAGAAGTAAGTATTTG
-1,TGAGGAAGCCAGAAATCCGTGA
-1,GCAATCAACCAGACAACAAGGA
-1,CTGTAAAGTGAGAAAAAGTGAG
-1,ATATTAAACCAGTTTTATATAT
-1,CGATTTAAAAAGTCCCAAAATT
-1,AAAGTTGAACAGGAAAATGGTT
-1,AGATAGGCACAGAGTAGGCACC
-1,GAGATTCAAAAGCATTGCCTCA
-1,TTTAGTTGTGAGCTGAAATTAT
-1,ACAGACTCATAGCAAACAACAT
-1,ATGTTTGAGCAGCAGATGAACG
-1,AAATATCCGGAGGAAATGATGA
-1,ACTCACCTGAAGCTTCTGAGAA
-1,TTCTTGAGAAAGCAAAGGAAAG
-1,CACCATTGTGAGCTTACTGTCA
-1,AAATGTCGACAGCAGTGACAAT
-1,GGATTTTAACAGTGGAAACGCT
-1,TAACAATTGTAGTTTGTAGCCT
-1,GAAAGTTTAGAGAAAAGTTTAA
-1,GGTATACGGTAGGGTTACTGTA
-1,CTTATGTTTAAGCTTCACCAGA
-1,AATTGTCAACAGCCCGGTCACA
-1,CATCTTCAAGAGTTTCACCTTC
-1,CTCAGTGCCAAGTTACCTAACG
-1,ATGAGAAGAAAGATGAAAAGAA
-1,TTGTTGTCATAGTGATACTTAC
-1,GGGATTGAAAAGGCCAAAAAGA
-1,TCTAGTTTGTAGTATGGAGCAG
-1,CGGATGTTTCAGCCATCATCAA
-1,TCGAGATAGGAGGGATCGGGAC
-1,GAAGGCGAAGAGACGTCGTTGT
-1,GCATTGCTTCAGAAAAATTGTG
-1,ATTATAAAATAGCCTCAAAGCT
-1,GCTTGTGCACAGAGATTTGGCC
-1,ATAAATAAACAGGAACAAATTT
-1,GACTAAAACAAGTAAATCGAAA
-1,TTTGAGTTCCAGAATTGAATTC
-1,GCTTAAGCTTAGGCTTAGGCTT
-1,CGGATCGGAAAGTATGTAGTGA
-1,TCAGCCAAAAAGTTCAAACAAT
-1,AGATAACAAAAGTGGATTCATT
-1,AGTAAGTGCAAGTATGTCTTGA
-1,ATTTACAATCAGCTTCACTGCA
-1,AGCGTGTGCCAGTCGGATCCCG
-1,GTACTTCACAAGAAGGAATTGG
-1,TTTTAAATGGAGCCTTTTTCGA
-1,TTTCCTTTAAAGATGGAAGTGT
-1,ATAAATTATCAGACAAAATTGG
-1,AAGCAGAATTAGGTACATTCAC
-1,GTTTAGCCCTAGTCTGACCCAA
-1,GACTTATGTGAGAGAAAACAAT
-1,AAAGTCAAAAAGATTCTGAATC
-1,GTTGAAAACAAGACTTTGAAGC
-1,TTGTAGTCTCAGCCTCAACTGA
-1,GGAGCAACAAAGTCGCCATTAA
-1,ATATGGGCCCAGAGGCCTACTA
-1,TCTTTTATTCAGGTTAATCTCA
-1,TTTTTGAAATAGTTTAATTGAC
-1,ACTACCAGACAGCAATGGTTCA
-1,CTCGGTTAACAGTTTGTGGAAT
-1,AATGTTTTGAAGTCAGTTTCCT
-1,AAACGCCGAAAGCTTCTGGTTC
-1,GACGAAGATTAGGATGGGTTGA
-1,TCAATTCTGTAGTCGTGGATAC
-1,GCGGAGCTGAAGACTCATCGGA
-1,ATCGAAAACGAGCGCGGAAGCG
-1,TTACAAACGGAGGATGCTTACT
-1,AGAACTATGGAGGATCTTCAAA
-1,AAAAAAGCTCAGAAAACTGGAA
-1,ATCCTCGGCGAGCAACTTCTCG
-1,ATCTGCACCCAGCCACGTGGCA
-1,AGTTGAAGGAAGACTCAAGAGA
-1,GGCCGTGCCCAGGTTCTAATTA
-1,AGTGTGAACTAGAAGGAAAGTG
-1,CTCTAAAATGAGAAGCCAAGCT
-1,TCGAGCGTACAGCCCGGGAATT
-1,AGCATCCAGGAGGTGAAGAAGT
-1,AATTGGAAGGAGAACTGATTTA
-1,TTACGCTTTTAGAAGGTAACTT
-1,CGAAAACCACAGTTAGCACGGT
-1,GAAGATGTGGAGGCTCTGCTGA
-1,TAGACTTTCTAGTTAGGCTTAG
-1,CGGATGATTCAGAAAAAAGAAA
-1,AGTACAATCGAGTACATGAAGA
-1,GACGTACTGTAGGACCCCCATT
-1,TGATGGTTTTAGTTCGAAGTTC
-1,TTCAAATCCCAGTCGTCGCCGG
-1,TTTTGAAAACAGAAATTACTGG
-1,GGAATTATTCAGTTCTGGCTCA
-1,GAAGTAGATCAGAACAAAACAT
-1,CTTTATTTAGAGCTATTTCCGC
-1,GTATAAAAATAGTAGAACGTTT
-1,CTGTTAGCAAAGCGCATCGTTT
-1,CACAGTTTTGAGAAGAAATATT
-1,AATTTTAATCAGGAAGTTCAAT
-1,ATGAAGAAGAAGAAGACGAGGA
-1,TTTTGTCTACAGAAGAGGTATT
-1,GTGGCTCAATAGTAAAAATAGC
-1,CCACCAACAAAGCTCACTCCAA
-1,ACTAGCAACGAGAAACAATTTC
-1,ATAACTTCTCAGGCAACTCAAA
-1,GCGGTTATTTAGCCGAGGAAAA
-1,CCCAGTGCCTAGGCGACAAGAA
-1,TAGAGCACACAGAAAGAGCCAA
-1,CAGTGGAACGAGACAGACTGTC
-1,AGCTCAAATAAGGATATATGCA
-1,AGAAACTTGGAGATGGACTTTT
-1,ACTTTCTCAAAGTAGTTTAAGT
-1,TGTCAAAAAAAGCATTTTAAAA
-1,TATGATGCTTAGATGCTTAAAT
-1,TTGTTCAGCTAGATGCATGGAA
-1,AGTAATGGTAAGCTGGAAATAT
-1,AGTGACCTGAAGTCGTTGGAGC
-1,GCCAAGCTTAAGTTTAAAGCTT
-1,CTGATTGTTCAGCTCTTGCCTA
-1,AGAAACAACGAGTCACCAGAAG
-1,GCATTGAGGAAGGATGCAGCGA
-1,TCATCTCTGAAGATTGTAATCT
-1,TTCGACATGAAGAACTGCAATG
-1,TTAAGCGAATAGGTGATGCAGA
-1,ATGCACCAGAAGTGAAAAATTA
-1,GAAATGGAAAAGACAATAAAAA
-1,AGGATCTACGAGCTTGTTAGCA
-1,GGAAATTGCAAGATGGACATTG
-1,CAGAGAAGGTAGTTGAAATTAA
-1,ATCCGAAAAAAGTATCCACTGG
-1,CAAAGAGTCCAGTTGTGTTGAG
-1,CACGCCAATCAGAGAGCCTACG
-1,CCTAGACCTGAGCTTCATCTTC
-1,ATTTCAGATTAGTGTTCAACAC
-1,GGATCAGGAGAGACGAGATGAA
-1,ACTTGGTTACAGACTAATGATG
-1,TCATTCTTCAAGAGCAACACCC
-1,ATCGGATCACAGCTATCTCAGC
-1,TTCCTCTATTAGTCTTGCATGC
-1,TGATACCATAAGTTATCACTTG
-1,TCTATTTCTGAGATATTCAAGA
-1,TACAATTTCGAGTGTATTTTTT
-1,TCAGATTTTCAGATTTTCTCTT
-1,AAATCGAAGAAGCCAACCAACA
-1,TAGATTATTAAGAAGCAGATAT
-1,CAATATATGGAGTCGTCTGGAA
-1,TTGACGGAAGAGTTGCTTGTCC
-1,ACTAGATGGTAGTTTATTGGAC
-1,TTCCAATCACAGCAGTTTATAA
-1,AGAAATGCCGAGTTCAGTTGTA
-1,CGACGGTTGGAGAATATTTTGA
-1,ATATTACATGAGTAATTGGAAA
-1,AAAGTTGATGAGGGAGAACAAT
-1,GGCTTCCAGCAGGCTCAAATTT
-1,AATAATCTAAAGTTTTTTTCAG
-1,TAGCATCTATAGATTGAGAGGA
-1,CAGTTGGTTCAGGAAAATCAAG
-1,TTGATTTGCCAGAAATTTTCAA
-1,CATCGCACTGAGCAAAGATGAG
-1,AAAAAATTGAAGAACAACAAGA
-1,AAATGTCAAAAGTAGCATTTTT
-1,TATCGAATTAAGACAAAAGATG
-1,GGATATAACTAGCCAGCATTTG
-1,AACAATACGAAGAGCAAAAGCA
-1,ATTAACCATGAGTCATGGTGCA
-1,GAAAGCAGCTAGGACAGCACTA
-1,CAAAAAAAAGAGCACAGATTAA
-1,ATCAAATTTGAGAAACTTTGAA
-1,CAGCGAAATGAGATGAGATGTC
-1,ATTTTGTCGTAGGATCCGGTGC
-1,TGGAAATGCAAGCGTGGATCTC
-1,AATGTTAAATAGAAAACTAATT
-1,CAAATTTTCAAGGAAAAACAAT
-1,GGCATAAAAAAGTAAGGAAAAT
-1,AGTTCCCAAGAGAACGAGGTAA
-1,GTAGAAGACAAGACATGAGGGA
-1,ACCACGGAACAGAAAGCGTAAG
-1,ACGTCGCTGGAGGAGGGAAAAG
-1,TTGGAAATGGAGAATGGGACAT
-1,TTCAATAAGTAGATGAGTACTT
-1,AAGCACAGCTAGAGGTCGTTCG
-1,CGTTAGTCCAAGCAGCAGAGAA
-1,CATTTTTTAGAGAACCAATTTC
-1,TCAAGCGGTAAGTTATATGAAA
-1,CAGAAGTGACAGCGAGCGTTCA
-1,GGCTCAGCAGAGATATGGGGAG
-1,ACAATTTCCAAGTAAAAAAATT
-1,ATGGAAATGGAGGATTTTCGGT
-1,TGGGAGTCTGAGGCTTAGGCTT
-1,GTATTGTGTTAGCCGTGAGTAT
-1,CCGAGTTGTTAGCAAAAGGATT
-1,GAATCGGTTTAGTATGGGTCTT
-1,AACTCAGAAAAGACACATCTCT
-1,TTTCTAAATTAGAATCTGTGAG
-1,TTCTCCTCGTAGCGAAAACTAC
-1,CAGTTCACTAAGCACAGCGCAT
-1,GCAACATTCCAGGGACCCAGCG
-1,TTTGGCCAGAAGAAATTGTAAT
-1,CAACAGCATAAGGAGCTTCAAT
-1,CTTGAAAAACAGAAAATTGAAA
-1,CATAGAAGAGAGTCGACTGTTG
-1,CTTGCATTCAAGTTGTGCCACC
-1,AGAATGTTGTAGGAAAAATTGT
-1,CAGTTGATCGAGTTTTTGTCCC
-1,AATACAAAGCAGACTTTTTGCT
-1,AATTTTTCATAGTGAATAAATT
-1,TGTCGAAATTAGGCAAATTTTA
-1,GTGGAAGCGGAGCAGATTCCAA
-1,GTTAAGACTGAGAGTTTATATG
-1,GAGCTTGGTCAGGATGTTGAGT
-1,TATACGGGATAGGTGTCGCCTG
-1,ATGCATACAAAGGATTCTTTGA
-1,CAGATGATGGAGATGAGGAGGA
-1,GGAAATTTGAAGCTCGCCGAAG
-1,TCAGCCTGTGAGAAGAACTGTA
-1,TTAGGTGTACAGCATGGGCCCA
-1,CTTGACAATCAGGACCAAGATG
-1,CAAGGGTCATAGTCATGTACTA
-1,CAGCAACGCCAGATTGACAATT
-1,TCGAATGTCTAGGGACAGGTTG
-1,GCAAATCGGCAGTTTGCCGGAA
-1,TTCAATCGGAAGAGTTTTGAGA
-1,TAGTTTGGGTAGGAAAAGCCGA
-1,AGTAGGAGTGAGTTTTGTTATT
-1,ATTAATATTCAGATTTTTAGAA
-1,TATTGAAAATAGTGTTTTTTTT
-1,CTTCCATGGTAGGCAGGCGCGG
-1,TCAAAGGTGGAGTACCGAAATC
-1,AAATTTGTCTAGGCCACATTAA
-1,AGGGATTCCAAGTTGTGGAGGA
-1,ACTGAGGTGGAGACTTTGTTGG
-1,CAGCTGTACCAGAGGACCGAGA
-1,GTATGAGTGAAGTTTTTGTTCA
-1,GAACTCCGGGAGGCATGTGACT
-1,AGGGGGTAGTAGAGGAATTAAA
-1,GTTTTTCAAAAGAGAATTTCCG
-1,CCAGTGCTACAGTAGCCATTTG
-1,GCACAATTTGAGCAGCTGTGCC
-1,GGCGGAGTCAAGTTCAACAGGT
-1,CGGGAGCTCCAGGAACACCAGG
-1,AGGTGTCCTAAGGCGAGCTCAG
-1,TATCATCAGCAGTCACAATTCC
-1,CATTGCGCTGAGTATTTTAAGA
-1,TGCGAAGGTCAGTGCAGAAATA
-1,AAATGTTTGAAGATTTGTCGAA
-1,TACTTTTCTAAGATTACTTGAG
-1,TGAACGACCAAGTGCCTATGAA
-1,ATTTATTTGCAGTGTATCACGT
-1,CAACACTTGGAGTTCGTGTAGT
-1,AGAATTATTGAGAATTTCAAAG
-1,AATTAAGTCTAGTACATCTTCC
-1,ATCGTCCTCCAGAATAAATAGC
-1,CAACGCTGGGAGGCCGACTTGT
-1,ATTACAAGAGAGCTTCAGAAAA
-1,CATGAATTTCAGCTGATTTGCT
-1,AGGCTAAGGTAGCTAGTCCAAA
-1,AAAAAGAAAAAGAGCAATCCCT
-1,CCAAAATTTGAGATTTTAGCTA
-1,GCAAAAGCTGAGATATGCTTTT
-1,AAAGTCTGATAGTCTTGCACCT
-1,TGATAAATTCAGTACTAGAAAA
-1,ACAAACTCGAAGAAGAGCTACA
-1,CTTCAATGGGAGACCGAGTCGC
-1,ATTGAAGAGGAGCTTAAAGTTG
-1,CTACACCAGAAGACGAAGAACA
-1,CAGTGTGTCCAGCATGAGCCCT
-1,ATTCTGAAGAAGATATGGCCAA
-1,GTAACTTTGCAGGTATTTAAGC
-1,CTCTGATTTCAGATTGGCCTGC
-1,AAATTGAGAGAGGCCGTGTTAA
-1,CAAACATTAAAGAAAGAGGTAT
-1,ATTTAACCACAGAGCGCAATTG
-1,TTTTTCGTGAAGTCTCATTATC
-1,TTGATGGAAGAGGACATTTACG
-1,ATGTATATCAAGAAATTTTCCA
-1,CCGGATGGGGAGCTACAATTCT
-1,ACGAAAGCGAAGCATCATCATC
-1,AGCCTCTTCAAGCTATGCCATC
-1,AGAGAATCGGAGAATTGAGGAA
-1,TACACCGTCCAGCTCGTCGATC
-1,CACCACCAGCAGTTGCCAGAAG
-1,TGAATTTGTGAGAATTTTTTCT
-1,GCAATAAGCAAGTCGACAGTAA
-1,TAGTAGGTTGAGGCTCAGAGAC
-1,GAGCTTCGTGAGCAATCCAAAG
-1,AAACAAGTCTAGCAAAAAAGGA
-1,ATAAATGTACAGTACTCTCTTG
-1,GTACTGTAGTAGTACTGTAGGA
-1,ATAAATATCAAGTTTTCTCGTC
-1,AGTCGGAGACAGTAAGTTTTGT
-1,TCAAAAAAAAAGTTATGACGGC
-1,TAGTTTTTAAAGATTTCGCTTT
-1,TCGTAAGAAAAGAATACCGTAT
-1,TATGTGAGTAAGAAACACGAAT
-1,GAATTATGGAAGGAGCTATTGA
-1,CACTCTTGCCAGCCAGTACCTT
-1,GTTCGTGGCGAGAGCCTCCATG
-1,TCGTCAGCTAAGCGAATCTGAG
-1,TAGACTCATGAGAATCTTTGTG
-1,GGTCTCAACGAGAAGTGGACGC
-1,AGCCTGAAAAAGCCTAAAAAGG
-1,CATTGCAAAAAGTTGGTTTTCA
-1,ATATCTCATGAGATTACACACT
-1,ATAAATGCCGAGTGTGGCGACT
-1,GTGATATTGAAGAAGCTCGTCC
-1,ATTTGTCGTCAGCACGTTCTTA
-1,GCAATTCGAAAGTATGCATTGA
-1,CGAACAGAGAAGCCATTCCAAC
-1,AACTGAGTAGAGTTCTTTTGGA
-1,CACTGGGTCAAGTGACATTCTC
-1,ACGCAGAAAGAGGCACGAGATT
-1,TTACAATGGAAGTGTTGGATTG
-1,CGAATCAACTAGCCCTGAAAAT
-1,CCTCTTAAAAAGTTACAAGAAG
-1,GAGAGAAAAAAGTTTTCAAAAT
-1,AAGATGTTCTAGAAAGTCATAT
-1,AAAAAAATGTAGAAAATTCAAA
-1,TTGGTGGCCTAGAAAATTGGAA
-1,ACAAGTATTGAGGATTTGCAAA
-1,GTGTAGTTAGAGCAGAATTTTG
-1,TTTTTGTTCGAGAGGACTACGA
-1,AAAACAGACTAGCAGAATGTGT
-1,TGATCTACTTAGATCTAAAAAA
-1,CTTCAAAACAAGGTCTTCGACG
-1,GTTCTTAGTTAGTTGCCAAAGT
-1,GCTGAGAAGAAGTAATCTATTG
-1,ACGGCGATGCAGATTGATCAGA
-1,AGAGAACAACAGAAATAAATAC
-1,GACTAGATGAAGAGCTGAATTT
-1,ATAATAATCAAGAAGCGCCGTC
-1,CTCATCGCCAAGCAACGGAAAG
-1,AAATATGATTAGCTCCAATCTT
-1,CTGGTGTTACAGTAATTTTCAA
-1,AATTTGAGAAAGGCGAAAAGAG
-1,ACGTCTTTAAAGGTGCGCGCAT
-1,CAGCCAAAAGAGACGTTATAAA
-1,CACGTCTTCGAGCCGCAATTAT
-1,TGTGCTAAAAAGCATGTCAGTC
-1,AGAAAAGTGAAGCACGTTTTCA
-1,CAGGACACGAAGGTCGCGCCGG
-1,ATCGTGCTCCAGAAATGATGCA
-1,GAGCTTCTCGAGCCGCTTATGC
-1,GCCAAGACGTAGGACCTTTTAC
-1,TGGCAACACGAGAGCTTATGCC
-1,ACACGGAACAAGCGATTTTGAT
-1,AGAAGGAAGAAGCCTGTTTTTT
-1,AGAACCCCTAAGCTCAAAAAAC
-1,CTTGTCTCCAAGGCTCAAACAA
-1,TGATATAAGAAGAATGCAGATT
-1,TTCTTGGCTGAGTCTTTATACA
-1,TCACAGTACAAGCTCATAAAAA
-1,CCCAGGTTGAAGTTTCCCAGAT
-1,TTTGCTGCTTAGACGACACAAA
-1,TTCAGATTTTAGCAAAAGTTGC
-1,AGGGTGCGAAAGATAAGGTACC
-1,GAAATGAAAGAGCATTGCAAGA
-1,CGCCAATTTTAGAGAAAAATGG
-1,GAACTTTCTAAGCTATCCAGCT
-1,ATGCAAGGCCAGAAGCCCGTAT
-1,GAAAATTGGGAGAAAACGCTAT
-1,GATCTAAGGTAGTCAAAGAGCA
-1,TTATCATTGCAGGTTATGAGAA
-1,GCCACCATCGAGCACATCACAA
-1,AATGAAGAAGAGAAAGAAGAAA
-1,TGATTATTCGAGAAAGAAAATT
-1,TTTTCCGCCAAGAAAATGTGAC
-1,TATACCACTGAGCTTGTGTCTG
-1,TCCTCAAAAAAGCCTTGCAAAC
-1,GGTGCCAGGCAGCTCCATTACG
-1,TCGAATGACAAGTCCACATCAA
-1,TAAAAACGCAAGATTTAAATAG
-1,AAGACGGGGTAGGTTAGGCGCC
-1,ATTTCTACAGAGTCATCCGTCA
-1,GTCAGTTGGAAGCAATGAAAAG
-1,TATTCCAGAGAGAAACCAGAAA
-1,GGCTTCTTGCAGTTATGCAGCT
-1,TTCGACGTAAAGTGTGGGCAGT
-1,GAGTCAGTGAAGCTGAATAAAC
-1,CGGAGACTCTAGAACTCTTCAT
-1,TATTTTGAGCAGTTGAAATTTT
-1,CAAAATCCCGAGAAAAATGGGT
-1,TATTTAATAAAGTTTGCTAAGT
-1,ATTCTGATGGAGCTCTTGTCGA
-1,GGATACGAGCAGCTCCTTTGAG
-1,AGGAATTATTAGACAATTGAAT
-1,TTTTTATGCGAGAAAACCCGAG
-1,AACAGGGAGAAGTGGAAAAGGC
-1,GTTACATCACAGAGCACACATT
-1,TCGTAATTTTAGATACCGAACA
-1,GTTTGGGATTAGGCTTAGGCTT
-1,TAGATCACGCAGTCTAAGTCTT
-1,GCGCTAGAGAAGAAAAGCTCAA
-1,ATATTCTAGAAGGAAGGATAGG
-1,GCAGACGCTTAGAGTGGTGAAA
-1,AGGATGAACAAGCCATTGCCAC
-1,AGTGATTTGAAGCATCAGGCAA
-1,CACATCAAGAAGTCACTTTACG
-1,AATCGAAATAAGACATTTTGGC
-1,ATGGAAGAAAAGTTTAAGAAAC
-1,TAGCGCCAAAAGTACGCAAACA
-1,GACGGAGCTTAGCCCAGATGAC
-1,TCGTAGTAAAAGAGATTCCGTA
-1,AAATGCCACAAGAGCTACCGGC
-1,ACTAATTTTCAGCTCAAAATAT
-1,GCCGAGTTACAGCGATTTTAAG
-1,GTTAAAACTGAGAAAAAACATC
-1,CAGGACCAGAAGGACCACCAGG
-1,ATCAGTTTCCAGTAGAACTTGT
-1,TAGAAAAAATAGAATTTCAAAA
-1,AAAATCGGTGAGTATCTAGTCT
-1,ATTTCAAAGTAGTCTAATTATG
-1,TGCTCTATGGAGAAGTTTACGC
-1,CAACGCATTAAGTGTCCGTGGA
-1,TTTTCTACCGAGACATGTCTTA
-1,TCAACTAGCTAGAGTGATGAAA
-1,TGAGAAGAAGAGAGAATAAACC
-1,AGAAAGCGTAAGATGTTATTAA
-1,TTTTTAAATTAGGTTTTTAAAA
-1,GGATGTGATTAGTGCCGTCGTG
-1,GAGCTTCTTCAGATACACTTGC
-1,GTTGATTGTGAGTTTTAGAAAA
-1,GAATGTCACTAGCAGATCATAT
-1,GGTCAAAATGAGCATCAAAACG
-1,TCTTATGTGGAGAGTCAAACAC
-1,CAGAAAGAAAAGAGACGACGAA
-1,GGTTAAGTAAAGTCAGTCATAC
-1,TTCGGATAAGAGAGTTATGGCA
-1,GGTGCACTGTAGGTAGGGGAAC
-1,AAGTATTGGAAGTATACCTGAA
-1,CATCCAGCTCAGTCAGAGGTCG
-1,AATTGACTCCAGAAGATTTGGA
-1,TAATCAAACAAGATACCTGGCC
-1,CGGAGCAGCAAGCCCGGGCACC
-1,GCTGTCATCAAGGGTCCTAACA
-1,GGAGGACACCAGCAACAATCGC
-1,TGGGTATACGAGAATTATGCGT
-1,AATTCTATGAAGGTACGCTTGG
-1,TCTGTAATTTAGTTGAGCTAAA
-1,GTACCCCTATAGTACTCCTACA
-1,GACTATTGGGAGGTTATTGGCA
-1,GGAAAATTGCAGAAAATTAAAA
-1,ACGTAGATCAAGCCGGAGAATT
-1,GGGCTCCGTGAGCCCGGACGAG
-1,CAGAAAACAAAGAGAAGGCGGT
-1,GACTTCGCCAAGAATGTGATCT
-1,TGGCAGTGGCAGCCGACGAAAA
-1,GCAGTAGTAAAGAGCAGGCTGT
-1,GAGTTGAGAGAGAAATATAAGT
-1,TGTGCTGTATAGAGGTTTGTCT
-1,AAAGTAAGTGAGTCAGTACCAG
-1,CGTGTCTTTTAGATTGTTTGTT
-1,GTGTGGATTTAGTTTTAAAATA
-1,AATGCAAAGTAGTCTTATTATG
-1,TTACGATAGTAGAACGACCATC
-1,GATTATTCAAAGAAAAATAAAT
-1,AGCTAGGAAAAGTTTACAATTG
-1,ATGGAGTTGCAGGAAGTGATGG
-1,AAGAAATTCAAGCTTACCACAA
-1,ATTGTATTTTAGGCTCGAAAAA
-1,AAAAACGACAAGGACCTCCAGT
-1,TGATTTTACTAGAAAAAACGCC
-1,CATTCTTCAGAGCTGCCCGTGA
-1,GCCTAACAAAAGCGCGGAGCAA
-1,ATTCCATGTAAGATAACCACGG
-1,GCGATTTTTCAGTGAAAACGCA
-1,TCGTCGATCAAGCCGGAAGTCT
-1,TGTTCCAGACAGCCACGTGAGA
-1,ATAATAAAAAAGTTCGTAATAA
-1,GGCCCAAAAGAGGGGTAGATTT
-1,GACCACCTGGAGTTGGAAAAAC
-1,ATCAATGCAAAGAAGGATTGAA
-1,GGTTGTGCAAAGACAAGTTGAA
-1,TTTCTCGATGAGCTCGCTGGAA
-1,CCACCACAAAAGCCGACACCTG
-1,GGAGTCGTGAAGACAGAAGAGA
-1,TTTTGCATTTAGTGAAAATTCA
-1,GTTCAGAAGTAGATTTTTTATT
-1,AATTTCACATAGTTCGTAAGCA
-1,ATCTCAAATCAGATCAGATCCC
-1,AAATCAAAGAAGAAGGCCGTCG
-1,CAGTTCAAAGAGATTCAAAACA
-1,CGTGTTGCTCAGCAAATTTTAC
-1,GAAGAGTTCAAGAAGAAGCTTT
-1,TAAGAGGAAAAGGGCGTGCGTC
-1,CTGTCTGTGCAGAATGTGTTAT
-1,GGGTCCAATCAGAATATAAGTG
-1,AGCGCCAAACAGGTATGCCTTC
-1,ATTCGATGAAAGAATCCGTTTG
-1,CGAATACTGAAGGAAGAATTCA
-1,TACACGGAAAAGTAGAAAAAGT
-1,CTGAGTGATGAGAATGGATTTG
-1,GAACAATTTCAGTTGAAAATAA
-1,CCACCATACAAGCTTCACGTCG
-1,GAACGTTAAAAGCTATGAATAA
-1,GGATTCCCGCAGGTTCCAGTTG
-1,ACGACAACTAAGATACTTAAAC
-1,ACATTTTCACAGATGTATCAAA
-1,AGTGCCCACAAGGAGCACCAGG
-1,ACAAATCGGAAGCTTGTCCACC
-1,CTGATTAGAGAGAGGGATAATG
-1,CATGGCCGAAAGCTCACCTATT
-1,ACAAATCAAAAGCAGTTATTCT
-1,TTACTTTATTAGATTCAAAATT
-1,AATAATTTTAAGTGATAAAATT
-1,TCCGGAATATAGATGAACAGAG
-1,AAAATTCCGCAGAAAGACCGAT
-1,TATTTATGTAAGCTCATTTCTC
-1,ATGGAAAATGAGAAATTTATAT
-1,GAAAATAAATAGAAAGTTCAAT
-1,AGATGGTTCGAGTTTAGGATAT
-1,GTTATAATAGAGTTTGTTAAAG
-1,ACGTTTATCCAGCCAATACAAG
-1,GTGGACATTGAGCACGACGCCC
-1,CGAGTAAAAAAGTACGCTGAAC
-1,AGAAAGAAGAAGGAGCACCATC
-1,TATATATCTCAGTTCTCGATAA
-1,ATTTTGGAGAAGAAACGAGGGA
-1,GTAGGTTCTGAGGCGGCTTGAA
-1,GAATCGTTCGAGGCGATAAAAG
-1,AGAGAAAACCAGCGTGTTCAAT
-1,AATATTTTGGAGCGATTTATTT
-1,AAAATGTTGTAGTTTGTAGTGT
-1,TTAAACACGCAGGTGTATTCTA
-1,GAGACCTTTCAGTTGACACCCA
-1,GATTGATAATAGGGAGAGCTCT
-1,ATGAAAATTCAGATGATTTCAA
-1,CAAAATGGTGAGATACCCAAAA
-1,ACGAAAGTTAAGATGAATTAAT
-1,CCCGAATCTTAGAAAGTTGTTA
-1,TTTGTTGGGCAGGGCGGAGTCA
-1,GATTCACCGAAGACGGAGACTA
-1,CATACTGTGCAGTTAGTGATGA
-1,AACAACATTTAGGAATTTTTCT
-1,AGAGATGACCAGTAAATTCATG
-1,GTTAGTTTTGAGAAGATTTACC
-1,TATTTCAATGAGTTGAATACAA
-1,TTGCATATGGAGGATATCTTCG
-1,GTAAAATTTCAGTCAAAAGTTA
-1,CTGTATCGATAGACCACCCGAC
-1,GAAGCATGATAGTTACAAAAAA
-1,ATGCTTCTGAAGACGACGCAGG
-1,GTAGTGCAAAAGCCAATTAAAA
-1,GTCAATTATGAGCAGATTTTAT
-1,CTTGCTTGGTAGAAATTTAAAA
-1,CGATTTTCTGAGAAATTGAAAA
-1,ACCAGCTGGAAGAGTTTTCCAA
-1,CAACTGGCAAAGCCGCATTCGT
-1,CAGGTAACCGAGGCCGATCTTC
-1,TGAACAGAAAAGAGACTGGGAA
-1,CCAGGCTATGAGCTCAGTTTGC
-1,CTAGAAAAAAAGAAAAAAAGGA
-1,TACATCTTTTAGTCAATCAGGA
-1,AGCCGAAATTAGATACTCTGGC
-1,TTGGGTGGGGAGGACAGACGAT
-1,GAATTTTCAGAGCCAGCGAATA
-1,CCGGTGGCCTAGAAACCCAAAA
-1,ATTCATTGATAGTTGAGAAAGT
-1,GTAATTTTACAGCAAGATAAGT
-1,TTTCCATAGAAGCCAAAAATAG
-1,CTCGAATCGAAGAGCAAGGGCT
-1,CTCACTTACGAGAAGAAGAAGA
-1,AAAGCCTGAAAGCCTGAAAGCC
-1,GATATGGGGGAGAAGAGGGCTT
-1,TAAGAAATTTAGCAAATTTAAG
-1,GAAGGTGTTCAGGAAGAGGAGA
-1,AAGGATTTTGAGTAAGTTTCCA
-1,ACTGTTCAAAAGATCAAATTTT
-1,GAAGTACCCGAGTCGGATTTAT
-1,GATTACGAGAAGAAGCCCAGAA
-1,GTCATTTTGGAGGCATACTGTG
-1,GATGTTGGAGAGAAGTTGGCAA
-1,GTTTTCACATAGATTTCAAAAG
-1,GAATAAATTAAGATGTCATTCA
-1,TACCTCAAACAGCTCTTCTCAA
-1,GGTATCAATAAGCACGGATATT
-1,AGTTTTATTAAGAAAAAACGAA
-1,GGAAACTCCTAGGCCACCAACC
-1,GAAGTATTATAGGGTATGGGAT
-1,TAATCATTCAAGCCAATTTTTT
-1,AATTATCATCAGCAAATCAAAT
-1,GAAGACCAACAGTATTTCTTTT
-1,GAACGAGATGAGATGGAGAGTT
-1,TACAGTATTGAGGCGCGAATTC
-1,AGGGGGCATCAGGGGGACCAGG
-1,ATTATTCCAGAGATGCCGAAAA
-1,CCGAGGGAAAAGCTGATGAGCT
-1,TCTAATTTTGAGTATACAATTT
-1,TTTTAAGAACAGAAATTAAGAA
-1,TAGTAAGCATAGATACCGAATT
-1,CCGTATCCCTAGTATTTATCTG
-1,GAAAGTCCAAAGTTTGTCTCCT
-1,GAGACTTTGTAGTGGATGGGGT
-1,TATATTTTAAAGAAGGTTTTTA
-1,AAATATCGGCAGCATTCATAGG
-1,CTACATTTCGAGAACGGAGTTC
-1,GAGATGTTGTAGTAAAAGAGAT
-1,AACGCAAAAAAGGTTAAGGATC
-1,CGACTCGGACAGCAGTTTGACA
-1,ATCCTGAATTAGTTTGAGAATT
-1,GTATTTAAGTAGTGAAATTTTA
-1,TGATTTTTTGAGGAAATTATTG
-1,ATTTTGGGTTAGTTATCATTAA
-1,AATATGTGTAAGTTTCCGAGAA
-1,AATCGGAGTCAGAGGGTTCCGA
-1,AACGAGTTGGAGAAGGTTCGGA
-1,GATGAACTTGAGGAGAAGTTCT
-1,CCTTTTGAATAGTGATTAATAA
-1,AAGATGGATAAGAAAGGTGTTG
-1,CCCGCACTCTAGCGAGCTGTAC
-1,CCACCTCAGCAGTTGAGAATAA
-1,GAGAAATATAAGTTAGTTTTCA
-1,CTCAAAAACTAGGTGAACGTCT
-1,TGTTTCAGACAGTCGACTACCG
-1,TGTTGAAAAAAGCGCCCTGGAA
-1,CAACAATAACAGCAAGAAGCTC
-1,ATCCAATTTTAGTTCTAGAAGA
-1,GGATTGTCGAAGCGTGTCGCGA
-1,CCATTTACTGAGACACTTCACT
-1,TCGTGTATTGAGTCGGCAAGTA
-1,TTAAGAAAAAAGATTTTTAGAG
-1,AGAAAAAAGAAGAGTCAAAGGA
-1,TTGCAAAATTAGAAATTTTGCC
-1,CGGGCACCATAGCCGTCGATCG
-1,TCTCCTATCCAGACAAGAAGAC
-1,TGTAAATAACAGTTTTCAGATT
-1,GCCAGGTATCAGGGCACCTGGT
-1,ATTTTGAAATAGAATGAGTCAC
-1,GACAACAAAAAGCTTACCCTCT
-1,CACGTTTTCAAGGACGTTTCAA
-1,TGTCTCTACCAGAAAGAAGTGG
-1,AAATTCAAGCAGATTACCGAAC
-1,TCTTTGAACGAGGGACGAGGAA
-1,TCAGCCAGAAAGTTGAATTGGC
-1,AACCACCTCCAGAACCGGCTCC
-1,CGGAGAGAGCAGCAAATTGAGC
-1,TCTATTTCGAAGGAGAGGGTTT
-1,ATCAAGTCCAAGAGTCTGTGAT
-1,ATTGCTCATGAGCTTCTCCTCG
-1,TTAATTTTTCAGAAAAATAAAA
-1,ACGTAAAACTAGTATAATTTAC
-1,CGAAAAACGAAGAAACAACTGA
-1,ATATCCGACAAGCCATTCTCAG
-1,GAGCTGCTCTAGCCAAAATGAG
-1,GTGGTGTCAAAGTGTCCCATTT
-1,GAAATTTTGTAGTTTGTTGTTT
-1,TTGATTGGGAAGCTTTGGAACA
-1,TTTAAGCAAAAGCTCTCAATCT
-1,ATTTTGAGCAAGAAATTGGAGT
-1,TGGGCGGGTCAGCGGTGTTCGG
-1,TCTCGAAGACAGTTGAGAAGTG
-1,TGTTCGGAAAAGTAAAGAAAGA
-1,TGTGGGGAACAGTGCGGGCGCG
-1,CAACAGTTAAAGTTTTGGAGTA
-1,CCTCAACCAAAGTTAAAATTAA
-1,GCATGTCTGAAGGAATTTTGCT
-1,ATTCGGCAGTAGGGGCGGCGAT
-1,AAGGCCAAAAAGATCAAGAAGT
-1,TAAAATGCAGAGCTTGAGGTGC
-1,CCTACATGCAAGCCCTATCAAT
-1,AAAAAAATCAAGAAAAACCGAC
-1,TGTGAGTGGGAGGGATCCTAAA
-1,TTGGTGGCCTAGAAATTTTTAA
-1,GGAGTCAGAAAGTCCCATTTCG
-1,TAAAGAATCGAGAAAGTTGGAA
-1,TGCCGATATGAGATTTCCAACG
-1,ACGTGATACCAGAAGAGATGAC
-1,AATGATCCTGAGATAACTCCTG
-1,ATATGCATATAGTTTCCCCGGT
-1,AGCCAGTTGAAGAGAAGAAAGA
-1,CCTGGCCTTCAGTCACACATCA
-1,TCCGAATAAAAGACAATGAAAC
-1,TGCGATACAGAGATTCCCCGGA
-1,GGGCGGAAAAAGAAACTTGACA
-1,TCTTGCAAGAAGAAAGGCATGG
-1,TCAAAGAATAAGGAAGATCCCC
-1,GAAACTCTGAAGAATGTGATCC
-1,AGCCGGGAGTAGGCGCGAATTT
-1,AAAATAGTTGAGGGTCATTTTG
-1,GGTAAGTAGAAGTTCGCAAAGG
-1,GAAATTTTAGAGTTTATTCAAC
-1,TTGAATCGGGAGCTGCAGCTTA
-1,AACTTCCAAAAGAAAACTCAGC
-1,CTTCAACCGGAGCATCTGAAAG
-1,TTTCAAAAAGAGGTGAACACTG
-1,TTTAAAGTATAGTTTCAAATAC
-1,CGGTCGTTTTAGTACTAATTTT
-1,GAACTCGAAAAGTTTTGAAGCT
-1,TCGACCAATCAGAGCCTTTGCG
-1,GAAAAGTGTAAGGAATTTGAAT
-1,GGAAACCACGAGTGCCCAGCCA
-1,GGGCTGAAGGAGAGTAAGCCAA
-1,CGCAGTGGACAGGCTCAATTAC
-1,CAAAATCTCTAGTCCCATATAC
-1,TTTATATTTTAGCTGGAAATGG
-1,TTTTTGCGCCAGATTTTTTCAA
-1,TCAACAAGGAAGAACTCTACAA
-1,GAGCATCTGGAGCAGGCAAAAG
-1,GGCAGGCATGAGATAGATACGA
-1,ATGAGACTAAAGCTGCGGGAAT
-1,TGTTCTCCTAAGCTCATATCGT
-1,TTTTTGAAACAGATTACTTTCT
-1,TGTCTTCTTCAGGCGTATGCTA
-1,CTTTCGGAGGAGTCTGTTGTCC
-1,TAACCGATTTAGATTTCATCGA
-1,ATACCCTTACAGTACTCCTACC
-1,AACAATTATCAGGAATCAATAA
-1,CTGGGTTTTAAGTATTGATATT
-1,CCCAGTATGGAGGAGTTATTTC
-1,CAGAAATGTTAGCGAGCTGCAC
-1,AAACATATCAAGCTGAAAATAC
-1,TTAAAAGCAAAGTTCATGATTA
-1,GCGGAATTTCAGTTCGGAATTC
-1,CATATGCAGCAGTGGGCTGATC
-1,GAGACAGAAGAGCAACGGCAGA
-1,TCGAAAAATGAGGTTATGAATC
-1,GGAGAGGATAAGAATAAAATCA
-1,GAAGCTGCTGAGAAAAGAAAAA
-1,CTTAGACATGAGGCAAGCTTAT
-1,TTAAATTGGAAGTTTACTGCAA
-1,AAGAAAGTACAGAATGAAATTA
-1,ACTTCTAGAAAGTTTTAAAATT
-1,TCAAGGATTTAGAAGATACAAA
-1,AGTCGCCAAGAGATGGAAATGA
-1,AATCAGAAGGAGAAGAATAGAC
-1,TTCATATCAGAGGACGTAGAGA
-1,TGGCGGCAGCAGAAAACACAGT
-1,AACGAATAAAAGGTGATGATGA
-1,ACAAGAACACAGAGAAATAAAA
-1,AACAACATACAGTATTCCTGAC
-1,TTTTTTGGTTAGTTTTGATTTT
-1,ATCATTGAACAGAGATTTCTAC
-1,ACAGCAATTAAGAAACCCAAGC
-1,AGATTATCTGAGCAAAATCTGA
-1,AGCTCCGGAGAGCAACCATGCT
-1,TTGATTGAAAAGATTTAGAAAA
-1,ATACATCCACAGTTCAGTATTT
-1,TTCAATTGTGAGAGAAGATTCG
-1,GTTTATCATTAGGATAATTCCA
-1,ATATTCTAGAAGAAGTAATGGA
-1,TCAGTCTCCAAGAACTAGTTCC
-1,GTAAAATTCGAGAAAATTCTAG
-1,TTAACAAACCAGTTGCGATCGG
-1,CTTACGCACAAGCTGCAGACAA
-1,ACCAATGGCAAGATCTACACCA
-1,GGGAACCTGAAGCTAACGGGAG
-1,GAAGTCAAGAAGATCAAAGATC
-1,TACATTTCAGAGCACCAGAAAT
-1,AAGCAATATCAGTGTGTCGAGC
-1,TTGAGGATGCAGAGAATTTTGG
-1,AGACAGTAATAGCAAAATCGAA
-1,GAATACTGTAAGACTACGCGTG
-1,AATCTGGGTGAGTTTTGAAAGT
-1,ATTTGAGAGTAGCTGAAAAGAA
-1,ATTTGTTTGTAGACCCGTAGGC
-1,AAAATGTATGAGCCGCCGCTTT
-1,TATTTAGTTAAGACAGAATGTA
-1,GGGCAATTAAAGCAAAATTCCA
-1,GAAGATATGGAGCCGAGAAAAT
-1,TGGAGGTATTAGCCTAAGCCTA
-1,GGTCAGGCACAGGAGAAAGACA
-1,TTTCCGAAAAAGTGTGTGACCT
-1,CAGATTATATAGTATAGTTTTT
-1,TTTATGGAGAAGAAGCAGAAGA
-1,ATTTCCAGTAAGGGTGGACAGG
-1,TACTTAAAGGAGGGGTACCGAA
-1,TTTCCCGAGCAGTCGCATTCTT
-1,ATTTGGTTCCAGTCGAGTTGGC
-1,ACGACAACAGAGATATAAGCCG
-1,TGGATATTGCAGTGATTTGAAG
-1,AGAAAAAAAAAGTAAAAACCAG
-1,ATTGCTGAATAGTAAATAAATA
-1,GGTCGCTTCCAGGTTATACGGA
-1,CATTCATCGAAGAAGAATCAAA
-1,TGATGCATGCAGTATTAGTGAA
-1,AACTTTCTTAAGTCATTTATTC
-1,ACTCAAAAATAGGGGGAAAATA
-1,AAATAATTGTAGTTTTTAGCAT
-1,GACAGTGTAGAGACCTATCAAG
-1,ATGAATCCTCAGCTGAACTTTC
-1,AATTTCATCCAGCACAAGTGAG
-1,TTGAAATTGGAGAAACAATGTG
-1,AGCTTCCAGTAGATTTGACATG
-1,TCTCCATCTCAGGGATACTGCT
-1,TCAAATTACAAGCCAAGCGTAC
-1,TTTTTCAATCAGTAAATCAAAA
-1,ACATAGTTGGAGATGGAATAAA
-1,GCAGAAGTTGAGCTCTAAATTT
-1,ATGAAAGTAAAGGTCAGTCTCG
-1,CGATTACTGTAGATCTGGCACA
-1,ACTTGACTATAGGGATTTAAAA
-1,CAGAAACTGAAGAGCTTTTGAC
-1,TTTATATAAAAGCTGATACTAC
-1,GTTTTCAGCCAGTTTTTGGATA
-1,GATTTGTACAAGTTTGAAGTTC
-1,CCAATTTCTCAGTTTTCGGTTC
-1,GTGCGATTCGAGTTCAGCGAAA
-1,AGGAGATAAGAGAAAAGAATTG
-1,CGTATTCTGAAGGTTTTTTTTT
-1,TTGGTGGCCTAGAAATATTCTT
-1,TGTCTACAGAAGATATTTGAAG
-1,TGCCTATGGAAGTGACCAGTAT
-1,TTCCTGAACAAGAAGGATCTGC
-1,GAAATTTCAAAGATTGCTCTAA
-1,GTATTATCAAAGAATGGACAGA
-1,ACCAATGTGGAGAAGGAACATT
-1,CGAATCCTGCAGTCCAACTTTG
-1,ACCGTGCGGCAGTGTTGCGAAA
-1,TTTCCTGAAAAGTTACCTTCTA
-1,CCGACGGAGAAGAGGGCGTTTA
-1,ACCCATGCCCAGTTCCAAGTAA
-1,CACTCAGTGAAGAACCTACAAG
-1,ATTTATTGTCAGCTATTAATCA
-1,TTGTTAACGTAGCCTGTCGGGT
-1,GTTATTTTCTAGGCATAAAGTA
-1,AATATACTGTAGTTATGTGAAA
-1,GATTGAGTTTAGTGAAAACAAC
-1,GAAAAGGAAAAGTAAGAAGAAG
-1,ACAGGAAAGAAGGTTCTAAAAA
-1,AATGAGCATAAGTAAGTGAATT
-1,CGCAGAAAAGAGTAAGAATTTC
-1,GATACTGTGGAGCCAACTCATC
-1,TTGATGTTCAAGCGTAAGTACA
-1,GAAGAAACAAAGAAAAATGAAG
-1,TCGAAAATCAAGTCCGTAAATC
-1,AGCCCCATAAAGTTTTGACACT
-1,ACTTACACCAAGATTTCGCCAA
-1,TAATTTTAATAGCAAAATTTAA
-1,CTTTGGAGCAAGCTCAAAACGT
-1,ATGGTTCCAAAGCGCACGAGGA
-1,AATTTCAGGTAGGAGGTCATTT
-1,CTATGATGTCAGTCAACACTGT
-1,GATTTGGAATAGCATCGGCTAT
